detector,fault,severity,threshold,test_arl0,detected,false_alarm_before_change,median_delay,mean_delay
http_breaker,drop_system,0.1,0.2,inf,0.0,0.0,,
http_breaker,drop_system,0.3,0.2,inf,0.0,0.0,,
http_breaker,drop_system,1.0,0.2,inf,0.0,0.0,,
http_breaker,truncate_context,0.1,0.2,inf,0.0,0.0,,
http_breaker,truncate_context,0.3,0.2,inf,0.0,0.0,,
http_breaker,truncate_context,1.0,0.2,inf,0.0,0.0,,
http_breaker,sampling,0.1,0.2,inf,0.0,0.0,,
http_breaker,sampling,0.3,0.2,inf,0.0,0.0,,
http_breaker,sampling,1.0,0.2,inf,0.0,0.0,,
http_breaker,output_cap,0.1,0.2,inf,0.0,0.0,,
http_breaker,output_cap,0.3,0.2,inf,0.0,0.0,,
http_breaker,output_cap,1.0,0.2,inf,0.0,0.0,,
http_breaker,quant_swap,0.1,0.2,inf,0.0,0.0,,
http_breaker,quant_swap,0.3,0.2,inf,0.0,0.0,,
http_breaker,quant_swap,1.0,0.2,inf,0.0,0.0,,
http_breaker,model_substitution,0.1,0.2,inf,0.0,0.0,,
http_breaker,model_substitution,0.3,0.2,inf,0.0,0.0,,
http_breaker,model_substitution,1.0,0.2,inf,0.0,0.0,,
http_breaker,throttle,0.1,0.2,inf,0.0,0.0,,
http_breaker,throttle,0.3,0.2,inf,0.0,0.0,,
http_breaker,throttle,1.0,0.2,inf,0.0,0.0,,
fixed_threshold,drop_system,0.1,0.3239251901186435,4456.733333333334,0.75,0.16666666666666666,747.0,900.0666666666667
fixed_threshold,drop_system,0.3,0.3239251901186435,4456.733333333334,0.95,0.05,83.0,96.29824561403508
fixed_threshold,drop_system,1.0,0.3239251901186435,4456.733333333334,0.8666666666666667,0.13333333333333333,28.0,27.71153846153846
fixed_threshold,truncate_context,0.1,0.3239251901186435,4456.733333333334,0.5333333333333333,0.15,1020.5,973.25
fixed_threshold,truncate_context,0.3,0.3239251901186435,4456.733333333334,0.9,0.1,202.5,236.59259259259258
fixed_threshold,truncate_context,1.0,0.3239251901186435,4456.733333333334,0.8333333333333334,0.16666666666666666,44.0,46.78
fixed_threshold,sampling,0.1,0.3239251901186435,4456.733333333334,0.4666666666666667,0.2,972.0,1054.392857142857
fixed_threshold,sampling,0.3,0.3239251901186435,4456.733333333334,0.8333333333333334,0.11666666666666667,663.5,723.22
fixed_threshold,sampling,1.0,0.3239251901186435,4456.733333333334,0.8833333333333333,0.11666666666666667,73.0,70.45283018867924
fixed_threshold,output_cap,0.1,0.3239251901186435,4456.733333333334,0.85,0.15,259.0,329.7647058823529
fixed_threshold,output_cap,0.3,0.3239251901186435,4456.733333333334,0.8,0.2,73.0,68.25
fixed_threshold,output_cap,1.0,0.3239251901186435,4456.733333333334,0.8333333333333334,0.16666666666666666,19.0,19.28
fixed_threshold,quant_swap,0.1,0.3239251901186435,4456.733333333334,0.85,0.11666666666666667,499.0,670.1960784313726
fixed_threshold,quant_swap,0.3,0.3239251901186435,4456.733333333334,0.9,0.1,72.5,83.46296296296296
fixed_threshold,quant_swap,1.0,0.3239251901186435,4456.733333333334,0.8333333333333334,0.16666666666666666,25.0,23.8
fixed_threshold,model_substitution,0.1,0.3239251901186435,4456.733333333334,0.4666666666666667,0.2,1355.5,1455.6785714285713
fixed_threshold,model_substitution,0.3,0.3239251901186435,4456.733333333334,0.8666666666666667,0.13333333333333333,286.0,374.36538461538464
fixed_threshold,model_substitution,1.0,0.3239251901186435,4456.733333333334,0.85,0.15,52.0,53.666666666666664
fixed_threshold,throttle,0.1,0.3239251901186435,4456.733333333334,0.36666666666666664,0.25,1083.5,1189.2272727272727
fixed_threshold,throttle,0.3,0.3239251901186435,4456.733333333334,0.3333333333333333,0.11666666666666667,1381.5,1494.0
fixed_threshold,throttle,1.0,0.3239251901186435,4456.733333333334,0.43333333333333335,0.1,1669.5,1660.5
cusum,drop_system,0.1,11.436398138357617,4167.933333333333,0.6,0.06666666666666667,753.5,887.1944444444445
cusum,drop_system,0.3,11.436398138357617,4167.933333333333,0.9,0.1,112.0,154.5
cusum,drop_system,1.0,11.436398138357617,4167.933333333333,0.9333333333333333,0.06666666666666667,11.5,13.25
cusum,truncate_context,0.1,11.436398138357617,4167.933333333333,0.55,0.16666666666666666,780.0,963.030303030303
cusum,truncate_context,0.3,11.436398138357617,4167.933333333333,0.8833333333333333,0.11666666666666667,377.0,531.3018867924528
cusum,truncate_context,1.0,11.436398138357617,4167.933333333333,0.9166666666666666,0.08333333333333333,22.0,25.89090909090909
cusum,sampling,0.1,11.436398138357617,4167.933333333333,0.85,0.1,746.0,1069.4313725490197
cusum,sampling,0.3,11.436398138357617,4167.933333333333,0.8666666666666667,0.13333333333333333,223.5,289.96153846153845
cusum,sampling,1.0,11.436398138357617,4167.933333333333,0.85,0.15,32.0,40.705882352941174
cusum,output_cap,0.1,11.436398138357617,4167.933333333333,0.9,0.1,473.5,624.9444444444445
cusum,output_cap,0.3,11.436398138357617,4167.933333333333,0.8833333333333333,0.11666666666666667,48.0,63.37735849056604
cusum,output_cap,1.0,11.436398138357617,4167.933333333333,0.8666666666666667,0.13333333333333333,8.5,9.115384615384615
cusum,quant_swap,0.1,11.436398138357617,4167.933333333333,0.8833333333333333,0.11666666666666667,84.0,146.81132075471697
cusum,quant_swap,0.3,11.436398138357617,4167.933333333333,0.85,0.15,24.0,30.84313725490196
cusum,quant_swap,1.0,11.436398138357617,4167.933333333333,0.9333333333333333,0.06666666666666667,5.0,5.767857142857143
cusum,model_substitution,0.1,11.436398138357617,4167.933333333333,0.5166666666666667,0.1,1337.0,1355.0967741935483
cusum,model_substitution,0.3,11.436398138357617,4167.933333333333,0.8,0.11666666666666667,832.5,1020.8958333333334
cusum,model_substitution,1.0,11.436398138357617,4167.933333333333,0.8833333333333333,0.11666666666666667,37.0,53.62264150943396
cusum,throttle,0.1,11.436398138357617,4167.933333333333,0.45,0.13333333333333333,979.0,1199.6666666666667
cusum,throttle,0.3,11.436398138357617,4167.933333333333,0.4166666666666667,0.06666666666666667,1637.0,1594.24
cusum,throttle,1.0,11.436398138357617,4167.933333333333,0.45,0.08333333333333333,1360.0,1264.2222222222222
